SNname,type,ExplosionDate,R,Reference,Method,
,don't worry about type Ia,,,,,
,II -- Jack - top   Adrian -- bottom,"MJD if given, otherwise date",,link to ads reference,,
,Ib -- Thomas,,,,,
,Ic -- Macie,,,,,
,,,,,,
SN2018gep,Ic,58370,Pritchard_etal_2020,https://ui.adsabs.harvard.edu/abs/2020arXiv200804321P/abstract,using rise time of 6 days.,
SN2018cow,,58283.5,,,,
SN2018zz,Ia,,,,,
ASASSN-18da,Ia,,,,,
ASASSN-18bt,Ia,,,,,
SN2018gn,II,x,,,,
ASASSN-18an,Ia,,,,,
SN2018zd,IIn,58178.39,Zhang_etal_2020,https://ui.adsabs.harvard.edu/abs/2020MNRAS.498...84Z/abstract,,
SN2018yu,Ia,,,,,
SN2018xx,Ia,,,,,
SN2018pv,Ia,,,,,
SN2018pc,Ia,,,,,
SN2018oh,Ia,,,,,
SN2018kp,Ia,,,,,
SN2018is,II,x,,,,
SN2018gv,Ia,,,,,
SN2018gk,II,x,,,,
SN2018gj,IIb,,,,,
SN2018bi,Ia,,,,,
SN2018afm,II?,? - possibly 217.66,,,Not sure what the JD' for the tr is on page 8,
SN2017lf,Ia,,,,,
SN2017jmk,II,x,,,,
SN2017jl,Ia,,,,,
SN2017jd,Ia,,,,,
SN2017jmk,II,x same one as line 29,,,,
ASASSN-17ri,Ia,,,,,
SN2017jbj,II (update in other spreadsheet and remove duplicate),58104.1(5),deJaeger_etal_2019,https://ui.adsabs.harvard.edu/abs/2019MNRAS.490.2799D/abstract,SNID,
SN2017jav,Ia,,,,,
SN2017izu,Ia,,,,,
SN2018gj,IIb,,,,,
SN2017iyb,Ia,,,,,
SN2018bi,Ia,,,,,
ASASSN-17qz,Ia,,,,,
ASASSN-17qg,Ia,,,,,
SN2017iji,Ia,,,,,
SN2017ivu,IIP,,,,,
SN2017igf,Ia,,,,,
SN2017hpa,Ia,,,,,
SN2017hoq,Ia,,,,,
SN2017hjy,Ia,,,,,
SN2017hgz,Ia,,,,,
SN2017hjw,Ia,,,,,
SN2017hle,Ia-91bg,,,,,
SN2017hbj,II,x,,http://www.astronomerstelegram.org/?read=10836,,
ASASSN-17mz,Ia,,,,,
SN2017hou,Ia,,,,,
SN2017hcc,IIn,,,,,
,,,,,,
SN2017gxq,Ia,,,,,
SN2017gup,Ia,,,,,
,,,,,,
ASASSN-17mh,Ia,,,,,
SN2016ezh,II,x,,https://arxiv.org/pdf/1703.07816.pdf,,
SN2017guh,Ia,,,,,
SN2017gry,II,x,,,,
SN2017gpn,IIb,,,,,
SN2017gmr,IIP (update),"57,999.09 ±0.01",Andrews_etal_2019,https://ui.adsabs.harvard.edu/abs/2019ApJ...885...43A/abstract,fitting model to photometry,
SN2017glq,Ia,,,,,
SN2017glx,Ia-91T,,,,,
SN2017gjn,Ia,,,,,
SN2017gkk,IIb,,,,,
SN2017ghs,Ia (update),,,,,
SN2017gci,SLSN-I,x,,,,
SN2017gbb,Iax,,,,,
SN2017gax,Ib/c,x,,,,
SN2017gas,IIn,,,,,
SN2017gah,Ia,,,,,
SN2017fzw,Ia-91bg,,,,,
SN2017fvl,Ia,,,,,
SN2017fhm,?,x,,,,
SN2017ffv,Ia,,,,,
SN2017fgc,Ia,,,,,
ASASSN-17ip,SN2017fbj unknown,x,,,,
SN2017faf,SLSN-II,,,,,
SN2017faa,II,x,,,,
SN2017ezd,Ia,,,,,
SN2017exo,Ia,,,,,
SN2017erv,Ia,,,,,
SN2017eqx,?,,,,,
SN2017err,?,,,,,
ASASSN-17gx,?,,,,,
SN2017ens,?,,,,,
SN2017evn,Ia,,,,,
SN2017erp,Ia,,,,,
ASASSN-17ho,SN2017erv,,,,,
SN2017eoc,?,,,,,
SN2017enx,?,,,,,
SN2017emq,Ia,,,,,
iPTF14hls,II-wierdo,,,,,
SN2017ekr,Ia,,,,,
ASASSN-17hb,Ia,,,,,
SN2017egm,SLSN-I,,,,,
SN2017egb,Ia,,,,,
SN2017ein,Ic,57897,Xiang_etal_2019,https://ui.adsabs.harvard.edu/abs/2019ApJ...871..176X/abstract,,
SN2017ejb,Ia-91bg-like,,,,,
SN2017ebm,Ia-91bg,,,,,
SN2017eaw,II,"2,457,886.50",,,,
SN2017dzs,Ia-91bg-like,,,,,
SN2017dwq,IIn,,,,,
SN2017dwh,SLSN-I update,,,,,
SN2017drh,Ia,,,,,
SN2017kdz,Ia,,,,,
,,,,,,
SN2017dps,Ia,,,,,
,,,,,,
SN2017dit,Ia,,,,,
,,,,,,
SN2017dei,Ia,,,,,
ASASSN-17fk,Ia,,,,,
#SN2017dgm  nothing at this position,Ia,,,,,
SN2017dcc,Ic-BL,x,,,,
SN2017des,?,,,,,
SN2017dau,LBV,,,,,
SN2017daf,Ia,,,,,
SN2017cze,Ia,,,,,
SN2017cyy,Ia,,,,,
ASASSN-17em,is 2017cts    Ia,,,,,
SN2017ckq,Ia,,,,,
ASASSN-17ea,Ia,,,,,
SN2017cjb,II,x,,https://ui.adsabs.harvard.edu/abs/2017ApJ...851L..48Y/abstract,,
SN2017cfd,Ia,,,,,
SN2017cbr,Ia,,,,,
SN2017azw,Ia,,,,,
SN2017cbv,Ia-99aa,,,,,
SN2017cak,?,,,,,
SN2017bzc,Ia,,,,,
SN2017bkc,Ia,,,,,
SN2017bgu,Ib,,,,,
#AT2017bgt,AGN,,,,,
SN2017bcc,SLSN-II,,,,,
SN2017aut,Ia,,,,,
SN2017awz,Ia-91T-like,,,,,
SN2017awk,Ia,,,,,
SN2017atv,Ia,,,,,
SN2017ati,IIb,,,,,
SN2017ahn,II,x,,https://ui.adsabs.harvard.edu/abs/2017ApJ...851L..48Y/abstract,,
SN2017yv,Ia,,,,,
SN2017it,update II,,,,,
SN2017lf,Ia,,,,,
SN2017jl,Ia,,,,,
SN2017ln,"Ia	",,,,,
SN2017hm,Ia,,,,,
SN2017jd,Ia,,,,,
SN2017bc,Ia,,,,,
SN2016jbu,imposter?,,,,,
SN2016jag,,,,,,
SN2016iyz,II,x,,https://ui.adsabs.harvard.edu/abs/2017ApJ...851L..48Y/abstract,,
SN2016iyd,II,x,,https://ui.adsabs.harvard.edu/abs/2017ApJ...851L..48Y/abstract,,
SN2016iuh,Ia-91bg-like,,,,,
SN2016itd,Ia,,,,,
SN2016ito,Ia,,,,,
,,,,,,
SN2016iog,II,x,"
Holoien_etal_2017",https://arxiv.org/pdf/1704.02320.pdf,,
SN2016ipf,Ia,,,,,
SN2016igr,Ia,,,,,
SN2016ija,II,x,,https://ui.adsabs.harvard.edu/abs/2017MNRAS.471.4966H/abstract,,
SN2016iet,,,,,,
SN2016ieq,IIn,,,,,
SN2016iae,Ic,x,,,,
SN2016hvl,Ia-91T,,,,,
SN2016hsc,Ia,,,,,
SN2016hnk,Ia-91bg,,,,,
SN2016hli,Ia,,,,,
SN2016hpw,Ia,,,,,
SN2016huh,Ia,,,,,
SN2016hrv,II,x,,https://ui.adsabs.harvard.edu/abs/2018ApJ...855..107G/abstract,,
SN2016hht,Ia,,,,,
,,,,,,
#beginning of Swift-ASASSN program,,,,,,
,,,,,,
SN2016gxp,Ia-pec,,,,,
SN2016hgm,II,x,,https://ui.adsabs.harvard.edu/search/fq=%7B!type%3Daqp%20v%3D%24fq_database%7D&fq_database=database%3A%20astronomy&p_=0&q=((%3Dabs%3A(SN2016hgm)%20OR%20simbid%3A(11954648)%20OR%20nedid%3A(SN_2016hgm))%20database%3Aastronomy)&sort=date%20desc%2C%20bibcode%20desc,,
SN2016gsb,Ia,,,,,
SN2016gkg,IIb,57650.94,Tartaglia_etal_2017,https://ui.adsabs.harvard.edu/abs/2017ApJ...836L..12T/abstract,light curve fitting,
OGLE16dmu,SLSN-I,,,,,
SN2016gfy,II,2016 Sept 9.90 UT,Singh_etal_2019,https://arxiv.org/pdf/1907.03159.pdf,,
SN2016gfr,Ia,,,,,
SN2016frp, Ib-pec,,,,SNID,
SN2016fff,Ia,,,,,
SN2016fej,Ia,,,,,
SN2016eii,Ia,,,,,
SN2016ezh,TDE,,,,,
SN2016enk,IIP,,,,,
SN2016eja,Ia,,,,,
#SN2016ewr,CV,,,,,
SN2016euj,Ia,,,,,
SN2016eoa,Ia,,,,,
SN2016els,SLSN-I,,,,,
SN2016ekt,Ia,,,,,
SN2016ekg,Ia,,,,,
SN2016eiy,Ia,,,,,
SN2016daj,Ia,,,,,
SN2016cvk,IIn,,,,,
SN2016cqj,II,x,,,,
#SN2016cpd,,,,,,
SN2016cok,IIP,,,,,
SN2016coj,Ia,,,,,
SN2016coi,Ic-BL,57532.5,Terreran_etal_2019,https://ui.adsabs.harvard.edu/abs/2019ApJ...883..147T/abstract,,
#AT2016cny,cv,,,,,
SN2016cnx,Ia,,,,,
SN2016ccz,Ia,,,,,
iPTF16eh,SLSN-I,,,,,
Gaia16apd,SLSN-I,,,,,
SN2016ccj,Ia-SC,,,,,
SN2016dxv,Ia,,,,,
SN2016bmd,IIb,,,,,
# ASASSN-16do is a cv,,,,,,
SN2016blz,II,57485.5,Brown_etal_2016,https://www.astronomerstelegram.org/?read=8930,halfway between discovery and nondetection,
SN2016blk,Iapec,,,,,
Gaia16alf,Ia,,,,,
SN2016bln,Ia-91T/99aa,,,,,
SN2016bqs,Ia,,,,,
SN2016blc,Ia,,,,,
SN2016bau,Ib,57460 pm 1,Tonry_etal_2016,http://www.astronomerstelegram.org/?read=8820,tight detection limits,strange
SN2016bfv,II,x,,,,
SN2016bfu,Ia-91bg,,,,,
SN2016asf,Ia,,,,,
SN2016aqt,Ia-SC,,,,,
SN2016aqf,II,MJD 57440.19 ± 4,Muller-Bravo_etal_2020,https://ui.adsabs.harvard.edu/abs/2020MNRAS.497..361M/abstract,,
SN2016ard,SLSN-I,,,,,
SN2016arc,Ia,,,,,
SN2016aps,SLSN-II?,,,,,
#SN2016ajn,CV or nova,,,,,
SN2016ajf,Ia-91bg,,,,,
SN2016adj,Ib,,,,,
SN2016aiy,IIn,,,,,
SN2016aix,Ia-91T,,,,,
SN2016adi,Ia,,,,,
SN2016zd,Ia,,,,,
SN2016aj,SLSN-I,,,,,
SN2016X,IIP,,,,,
SN2016L,IIP,,,,,
SN2016P,Ic-BL,25-Sep-15,Gangopadhyay_etal_2020,https://ui.adsabs.harvard.edu/abs/2020MNRAS.497.3770G/abstract,,
SN2016G,Ic-BL,x,,,,
SN2016F,Ia,,,,,
SN2016C,IIP,,,,,
SN2016B,II,2457382.0 ± 1.2 (JD)^3,Dastidar_etal_2018,https://arxiv.org/pdf/1904.01844.pdf,,
ASASSN-15uw,Ia,,,,,
ASASSN-15ut,Ia-pec,,,,,
ASASSN-15um,Ic,x,,,,
ASASSN-15uh,Ia-91T,,,,,
ASASSN-15ua,IIn,,,,,
SN2015dd,Ib,,,,,
ASASSN-15tj,Ia,,,,,
SNinNGC7123,Ia,,,,,
#iPTF15eov,,,,,,
SN2015bq,Ia-99aa,,,,,
ASASSN-15ts,Ia,,,,,
ASASSN-15ti,Ia,,,,,
OGLE15sd,SLSN-I,,,,,
#ASASSN-15th,Nova,,,,,
SN2015bf,IIn,,,,,
SN2015ar,Ia,,,,,
PS15cww,IIn,,,,,
OGLE15qz,SLSN-I,,,,,
PS15ces,IIn,,,,,
PS15cwo,IIP,,,,,
SN2015Z,IIn,,,,,
SN2015as,II,2015 November 6,Gangopadhyay_etal_2018,https://arxiv.org/pdf/1802.06731.pdf,,
ASASSN-15rw,Ia,,,,,
ASASSN-15rq,Ia,,,,,
ASASSN-15pz,Ia-SC,,,,,
PS15cku,Ia,,,,,
PSNJ09100885+5003396,Ia-SC,,,,,
ASASSN-15so,Ia,,,,,
ASASSN-15sf,Ia,,,,,
PS15br,SLSN-II,,,,,
SN2015dc,Ia?,,,,,
ASASSN-15qh,II,x,,,,
ASASSN-15qc,Ia,,,,,
DES15S2nr,SLSN-I,,,,,
PS15blq,SLSN-IIn,,,,,
SN2015an,IIP,,,,,
SN2015ah,Ib,,,,,
SN2015ap,Ib,57271,Gangopadhyay_etal_2020,https://ui.adsabs.harvard.edu/abs/2020MNRAS.497.3770G/abstract,between light curve and spectral fitting,
ASASSN-15oz,II,"MJD = 57648+8
−4 a",Reynolds_etal_2020,https://ui.adsabs.harvard.edu/abs/2020MNRAS.493.1761R/abstract,,
SN2015ak,Ia,,,,,
PSNJ23374322-4730393,Ia,,,,,
ASASSN-15og,Ia-CSM,,,,,
ASASSN-15od,Ia,,,,,
ASASSN-15ns,Ia,,,,,
ASASSN-15mj,Ib,,,,,
ASASSN-15lh,SLSN-I,,,,,
SN2015N,Ia,,,,,
SN2015J,IIn,,,,,
PS15bgt,Ib-IIb,,,,,
SN2015bh,LBVgoneSN?,,,,,
SN2015M,Ia-91T,,,,,
PS15aot,Ia-91bg?,,,,,
ASASSN-15kg,Ia-pec?,,,,,
SN2015I,Ia,,,,,
SN2015V,II,57112.5(4) MDJ,Jaeger_etal_2019,https://ui.adsabs.harvard.edu/abs/2019MNRAS.490.2799D/abstract,,
ASASSN-15hy,Ia-SC,,,,,
ASASSN-15hx,Ia,,,,,
ASASSN-15hf,Ia,,,,,
ASASSN-15ga,Ia-99by,,,,,
LSQ15abl,SLSN-II,,,,,
SN2015F,Ia,,,,,
ASASSN-15fi,II,x,,,,
ASASSN-15fz,II,x,,,,
SN2015G,Ibn,,,,,
SN2015bp,Ia-91bg,,,,,
#SNinNGC5112,LBV,,,,,
#ASASSN-15ek nova,nova,,,,,
ASASSN-15cq,Ia,,,,,
SN2015bq,Ia-91T,,,,,
SN2015bo,Ia-91bg,,,,,
PS15ae,SLSN-I,,,,,
PS15jf,imposter?,,,,,
SNhunt60,IIb,,,,,
ASASSN-15ar,Ia,,,,,
ASASSN-15aj,Ia,,,,,
Gaia15acw,II,x,,,,
iPTF14atg,Ia,,,,,
ASASSN-14lw,Ia,,,,,
ASASSN-14ms,Ibn,,,,,
SN2014es,IIn,,,,,
ASASSN-14lp,Ia,,,,,
SN2014eg,Ia-91T,,,,,
ASASSN-14kr,Ia,,,,,
ASASSN-14kd,Ia-91T,,,,,
SN2014ge,Ib,,,,,
SN2014eh,Ic,x,,,,
SN2014dt,Ia-02cx,,,,,
PSNinNGC55,imposter?,,,,,
SN2014gd,Ia,,,,,
ASASSN-14il,IIn,,,,,
# ASASSN-14hu not observed wrong coordinates,Ia,,,,,
CSS141028,Ib,,,,,
CSS140914,Ia,,,,,
SN2014gf,IIn/Ia-CSM,,,,,
SN2014df,Ib,,,,,
SN2014dg,Ia,,,,,
ASASSN-14ha,II,,,,,
ASASSN-14jb,II,,,,,
SN2014ek,Ia-02cx,,,,,
SN2014cx,II,,,,,
SN2014cp,Ic-BL,x,,,,
SN2014cd,Ia,,,,,
ASASSN-14fd,IIn,,,,,
ASASSN-14fa,Ia,,,,,
ASASSN-14eu,Ia-pec?,,,,,
SN2014ba,Ia-91bg,,,,,
ASASSN-14dd,Ibn,,,,,
ASASSN-14dc,IIn/Ia-CSM,,,,,
SN2014bv,Ia,,,,,
SNhunt248,IIn?,,,,,
ASASSN-14bu,IIP,,,,,
iPTF14bdn,Ia-99aa,,,,,
SN2014bc,IIP,,,,,
ASASSN-14ar,Ia,,,,,
PS1-14xw,Ia,,,,,
iPTF14aoi,II,,,,,
SN2014at,Ia,,,,,
SN2014ao,Ia,,,,,
SN2014as,Ic,x,,,,
CSS14,IIn,,,,,
PSN2014inM61,imp?,,,,,
SN2014ap,Ia,,,,,
SN2014ai,Ia,,,,,
SN2014ad,Ic-BL,"JD 245,6725",Sahu_etal_2018,https://ui.adsabs.harvard.edu/abs/2018MNRAS.475.2591S/abstract,,
AT2016blu,LBV,,,,,
SN2014R,Ia,,,,,
LSQ14pt,IIn,,,,,
LSQ14mo,SLSN-I,,,,,
#ASASSN-14ae,tidal disruption event,,,,,
SN2014L,Ic,x,,,,
ASASSN-14ad,Ia,,,,,
SN2014J,Ia,,,,,
SNinNGC2196,Ic,x,,,,
SN2014I,Ia,,,,,
SN2014G,IIL,,,,,
SN2014C,Ib,56656,Milisavlijevic_etal_2015,https://ui.adsabs.harvard.edu/abs/2015ApJ...815..120M/abstract,14 days before peak,
SN2014A,IIP,,,,,
ASASSN-13dn,II,,,,,
LSQ13cuw,IIL,,,,,
iPTF13ebh,Ia,,,,,
iPTF13dge,Ia,,,,,
PTF13bvn,Ic,56458.67,Reilly_etal_2016,https://ui.adsabs.harvard.edu/abs/2016MNRAS.457..288R/abstract,,
LSQ13ddu,I,,,,,
LSQ13ry,Ia,,,,,
LSQ13crf,Ia,,,,,
ASASSN-13dd,Ia,,,,,
ASASSN-13co,II,,,,,
ASASSN-13cj,Ia,,,,,
ASASSN-13ch,Ia,,,,,
SN2013hx,SLSN-II,,,,,
SN2013hn,Ia,,,,,
SN2013hh,Ia-91T,,,,,
SN2013gy,Ia,,,,,
SN2013gs,Ia,,,,,
SN2013gh,Ia,,,,,
SN2013ge,Ic,56607,Drout_etal_2016,https://ui.adsabs.harvard.edu/abs/2016ApJ...821...57D/abstract,,
SN2013gd,II,,,,,
SN2013fy,Ia,,,,,
SN2013fw,Ia,,,,,
SN2013fv,II,,,,,
SN2013fs,IIn/IIP,,,,,
SN2013fn,Ia,,,,,
SN2013ex,Ia,,,,,
SN2013eu,Ia,,,,,
SN2013ej,II,,,,,
SN2013ek,Ib,,,,,
SN2013el,Ib,56423,Parker_etal_2013,https://ui.adsabs.harvard.edu/abs/2013CBET.3611....1P/abstract,just before discovery,
SN2013eh,Ia,,,,,
SN2013dy,Ia,,,,,
SN2013dn,IIn,,,,,
SN2013dk,Ic,x,,,,
SN2013dh,Iax,,,,,
SN2013df,II,,,,,
SN2013cv,Ia,,,,,
SN2013cu,IIb,,,,,
SN2013cs,Ia,,,,,
SN2013cj,IIn,,,,,
SN2013cg,Ia,,,,,
SN2013by,IIn/IIL,,,,,
SN2013bu,II,,,,,
SN2013bs,Ia,,,,,
SN2013am,II,,,,,
SN2013ak,II,,,,,
SN2013ai,IIP,,,,,
SN2013ag,Ia,,,,,
SN2013ab,IIP,,,,,
SN2013aa,Ia,,,,,
SN2013Q,Ia,,,,,
SN2013L,IIn,,,,,
SN2013I,IIn,,,,,
SN2013F,Ib/c,,,,,
SN2013E,Ia,,,,,
LSQ12gdj,Ia-SC,,,,,
SN2012ij,Ia-91bg,,,,,
SN2012ht,Ia,,,,,
SN2012hs,II,,,,,
SN2012hr,Ia,,,,,
SN2012hj,Ia,,,,,
SN2012fr,Ia,,,,,
SN2012fh,Ib/c,,,,,
SN2012dn,Ia-SC,56114,Brown_etal_2013,Brown et al. 2013 peak -20,,
SN2012dh,IIb,,,,,
SN2012da,Ia,,,,,
SN2012cw,Ic,x,,,,
SN2012cu,Ia,,,,,
SN2012cp,Ia,,,,,
SN2012ck,II,,,,,
SN2012cg,Ia-99aa,,,,,
SN2012cc,II-87K,,,,,
SN2012ca,IIn-IaCSM?,,,,,
SN2012bl,Ia,,,,,
SN2012aw,IIP,JD 2456002.5,Fraser_etal_2012,https://iopscience.iop.org/article/10.1088/2041-8205/759/1/L13,tight upper limit discover constraint,
SN2012au,Ib,55989.5,Milisavljevic_etal_2013,https://ui.adsabs.harvard.edu/abs/2013ApJ...770L..38M/abstract,Arnett modeling,
SN2012ap,Ic,5-Feb-12,Chakraborti_etal_2015,https://ui.adsabs.harvard.edu/abs/2015ApJ...805..187C/abstract,,
SN2012ak,II,,,,,
SN2012Z,Ia-02cx,,,,,
SN2012V,Ia,,,,,
SN2012T,Ia,,,,,
SN2012P,Ibc,,,,,
SN2012K,II,,,,,
SN2012G,Ia,,,,,
SN2012A,II,559 33.0,Tomasella_etal_2013,https://ui.adsabs.harvard.edu/abs/2013MNRAS.434.1636T/abstract,early photometry,
PTF12gzk,Ic,MJD 2456132.763 ,Ben-Ami_etal_2012,https://ui.adsabs.harvard.edu/abs/2012ApJ...760L..33B/abstract,,
PTF12mxx,SLSN-I,,,,,
PTF12epg,SLSN-II,,,,,
PTF12dam,SLSN-I,,,,,
PS1-12sk,Ibn,,,,,
PTF12mkp,SLSN-II,,,,,
PTF11iqb,IIn,,,,,
,,,,,,
SN2011ke,SLSN-I,,,,,
SN2011js,IIn,,,,,
SN2011ja,IIP,,,,,
,,,,,,
SN2011iy,Ia,,,,,
SN2011iw,IIn,,,,,
SN2011iv,Ia,,,,,
SN2011it,Ic,x,,,,
SN2011im,Ia,,,,,
SN2011ia,Ia,,,,,
SN2011hw,Ibn,,,,,
SN2011ht,IIn,,,,,
SN2011hs,IIb,,,,,
SN2011hj,IIP,,,,,
SN2011hg,IIb,,,,,
SN2011hb,Ia,,,,,
SN2011gu,Ia,,,,,
SN2011fs,Ia,,,,,
SN2011fi,II,,,,,
SN2011fe,Ia,,,,,
SN2011ek,Ia-91bg,,,,,
SN2011ei,IIb,,,,,
SN2011eh,Ia-91bg,,,,,
SN2011ef,IIb,,,,,
SN2011dn,Ia-91T,,,,,
SN2011dm,Ia,,,,,
SN2011dh,IIb,55712.5,Arcavi_etal_2011,,,
SN2011de,Ia,,,,,
SN2011cj,IIP,,,,,
SN2011cb,IIb,,,,,
SN2011by,Ia,55672,Nugent_etal_2011,,,
SN2011bl,Ib/c,55656,Green_etal_2011,http://www.cbat.eps.harvard.edu/iau/cbet/002600/CBET002694.txt,"spec was 10 days before peak assumed to be 14 days after explosion, pushed two days earlier to be just before discovery",
SN2011ay,Ia-99aa?02cx?,,,,,
SN2011at,Ia,,,,,
SN2011ao,Ia,,,,,
SN2011am,Ib,,,,,
SN2011aa,Ia,,,,,
SN2011M,Ia,,,,,
SN2011B,Ia,,,,,
LSQ11ot,Ia,,,,,
PTF11qax,II,,,,,
PTF11rks,SLSN-I,,,,,
PTF11dsf,SLSN-II,,,,,
PTF11qcj,Ic-BL,MJD 55842,"
Palliyaguru_etal_2021",https://ui.adsabs.harvard.edu/abs/2021arXiv210100128P/abstract,,
SN2010md,SLSN-I,,,,,
SN2010mb,Ic-PI?,MJD 55273,Ben-Ami_etal_2014,https://ui.adsabs.harvard.edu/abs/2014ApJ...785...37B/abstract,,
SN2010ko,Ia,,,,,
SN2010kg,Ia,,,,,
SN2010kd,SLSN-I,,,,,
SN2010jr,IIb,,,,,
SN2010jp,IIn,,,,,
SN2010jn,Ia,,,,,
SN2010jl,IIn,55470,Stoll et al. 2011,,ten days before first observation,
SN2010ih,Ia,,,,,
SN2010id,II,,,,,
SN2010hq,IIP,,,,,
SN2010hh,Ia,,,,,
SN2010gx,SLSN-I,,,,,
SN2010gs,II,,,,,
SN2010gp,Ia,,,,,
SN2010gn,Ia,,,,,
SN2010fy,Ia,,,,,
SN2010ev,Ia,,,,,
SN2010el,Ia-p,,,,,
SN2010dv,?,,,,,
SN2010dn,LBV,,,,,
SN2010da,LBV,,,,,
SN2010cr,Ia,,,,,
SN2010cn,IIB,update type,,,,
SN2010bv,Ia,,,,,
SN2010bt,IIn,,,,,
SN2010br,Ibc,,,,,
SN2010bj,IIP,,,,,
# no SN2010am -- mislabeled in template observations,,,,,,
SN2010al,IIn,,,,,
SN2010ah,Ic,MJD 55274,Mazzali_etal_2013,https://ui.adsabs.harvard.edu/abs/2013MNRAS.432.2463M/abstract,,
SN2010ae,Ia-p,,,,,
SN2010Y,Ia,,,,,
SN2010X,?,,,,,
SN2010U,LBV,,,,,
SN2010S,Ic,x,,,,
SN2010O,Ib,,,,,
SN2010F,II,,,,,
SN2010C,LBV,,,,,
"#SN2010B was not observed, SN2011B was misnamed in request",,,,,,
PTF10icb,Ia,,,,,
PTF10qaf,SLSN-II,,,,,
PTF10qts,Ic-BL,MJD 55424.6,Walker_etal_2014,https://ui.adsabs.harvard.edu/abs/2014MNRAS.442.2768W/abstract,,
#PTF10fqs red nova,,,,,,
PTF10abyy,II,,,,,
PTF10aagc,SLSN-I,,,,,
PTF09atu,SLSN-I,,,,,
PTF09cnd,SLSN-I,,,,,
PTF09dlc,Ia,,,,,
PTF09dnp,Ia,,,,,
SN2009mk,IIb,,,,,
SN2009mi,Ic,x,,,,
SN2009mg,IIb,,,,,
SN2009lm,IIP,,,,,
SN2009ll,IIP,,,,,
SN2009kr,IIn/L?,,,,,
SN2009jr,Ia,,,,,
SN2009jh,SLSN-I,,,,,
SN2009jf,Ib,55099,Valenti_etal_2011,https://ui.adsabs.harvard.edu/abs/2011MNRAS.416.3138V/abstract,tight non-detections,
SN2009jb,Ia,,,,,
SN2009iz,Ib,,,,,
SN2009ip,imp-IIn,,,,,
SN2009ig,Ia,,,,,
SN2009hd,II,,,,,
SN2009gj,IIb,,,,,
SN2009gf,Ia,,,,,
SN2009dd,II,,,,,
SN2009dc,Ia-SC,,,,,
SN2009cz,Ia,,,,,
SN2009bw,II,,,,,
SN2009bb,Ic,JD 2454909.6,Pignata_etal_2011,https://ui.adsabs.harvard.edu/abs/2011ApJ...728...14P/abstract,,
SN2009ay,II,x,,,,
SN2009au,IIn,x,,,,
SN2009at,II,x,,,,
SN2009an,Ia,,,,,
SN2009aj,II,x,,,,
SN2009Y,Ia,,,,,
SN2009N,IIP,x,,,,
SNF20080720001,Ia,,,,,
SNF20080514002,Ia,,,,,
CSS081009,SLSN-II,,,,,
SN2008iy,SLSN-II,,,,,
SN2008in,IIP,2454825.6,Roy_etal_2011,https://ui.adsabs.harvard.edu/abs/2011ApJ...736...76R/abstract,early light fitting,
SN2008ij,II,x,,,,
SN2008hv,Ia,,,,,
SN2008hs,Ia,,,,,
SN2008ha,Ia,,,,,
SN2008ge,Ia,,,,,
SN2008fz,Ic,x,,,,
SN2008ex,IIn,x,,,,
SN2008es,SLSN-II,54590,,,ten days before first observation,
SN2008ec,Ia,,,,,
SN2008eb,Ic,x,,,,
SN2008dx,Ia-91bg,,,,,
SN2008dq,Ic,x,,,,
SN2008cg,Ia-CSM?,,,,,
SN2008bo,IIb update type,x,,,,
SN2008ax,IIb,"JD = 2,454,528.80 ± 0.15",Folatelli_etal_2015,https://ui.adsabs.harvard.edu/abs/2015ApJ...811..147F/abstract,,
SN2008aw,II,54526.5,,,discover - 1.5 days,
SN2008aq,IIb,x,,,,
SN2008am,IIn,x,,,,
SN2008ae,Ia-02cx,,,,,
SN2008S,IIn-Imp?,,,,,
SN2008Q,Ia,,,,,
SN2008M,II,x,,,,
SN2008D,Ib,,,,,
SN2008A,Ia-02cx,,,,,
Stritzinger_etal_2009 https://ui.adsabs.harvard.edu/abs/2009ApJ...696..713S/abstractB peak - 20,Ib,54461.67,Roy_etal_2013,https://ui.adsabs.harvard.edu/abs/2013MNRAS.434.2032R/abstract,spectroscopic and radio dating,
SN2007sr,Ia,,,,,
SN2007pk,IIn,x,,,,
SN2007on,Ia,,,,,
SN2007od,II,245 4403 pm 1.5,Inserra_etal_2012,https://ui.adsabs.harvard.edu/abs/2012MNRAS.422.1178I/abstract,spectral fitting,
SN2007gi,Ia,,,,,
SN2007fo,Ib,,,,,
SN2007cv,Ia,,,,,
SN2007cq,Ia-91T,,,,,
SN2007co,Ia,,,,,
SN2007ck,II,x,,,,
SN2007ch,IIP,x,,,,
SN2007bm,Ia,,,,,
SN2007bg,Ic-bl,16-Apr-07,Salas_etal_2013,https://ui.adsabs.harvard.edu/abs/2013MNRAS.428.1207S/abstract,,
SN2007bb,II,x,,,,
SN2007ax,Ia-91bg,,,,,
SN2007af,Ia,54157.12,Brown_etal_2012,,,
SN2007aa,II,x,,,,
SN2007Y,Ibc,54145,Stritzinger_etal_2009,https://ui.adsabs.harvard.edu/abs/2009ApJ...696..713S/abstract,,
SN2007S,Ia,,,,,
SN2007I,Ic-bl,x,,,,
SN2007D,Ic-bl,x,,,,
SN2007C,Ib,,,,,
SN2006mr,Ia,,,,,
SN2006lt,Ib,,,,,
SN2006lc,Ib,x,,,,
SN2006jd,IIb/IIn,2006October 06.5 UT ,Chandra_etal_2012,https://ui.adsabs.harvard.edu/abs/2012ApJ...755..110C/abstract,,
SN2006jc,Ibn,54018,Nakana_etal_2006,,,
SN2006gy,IIn,2002 November 3,Kawabata_etal_2009,https://ui.adsabs.harvard.edu/abs/2009ApJ...697..747K/abstract,,
SN2006ej,Ia,,,,,
SN2006dn,Ib,,,,,
SN2006dm,Ia,,,,,
SN2006dd,Ia,,,,,
SN2006bv,IIn,x,,,,
SN2006bp,IIP,2006 April 9,Immler_etal_2007,https://ui.adsabs.harvard.edu/abs/2007ApJ...664..435I/abstract,,
SN2006bc,II,JD = 2453819.15,Gallager_etal_2012,https://ui.adsabs.harvard.edu/abs/2012ApJ...753..109G/abstract,,
SN2006at,II,x,,,,
SN2006aj,Ic-bl,53784.1,Campana_etal_2006 ,,GRB trigger time,
SN2006X,Ia,,,,,
SN2006T,IIb,JD = 2453758.14,Taddia_etal_2018,https://ui.adsabs.harvard.edu/abs/2018A%26A...609A.136T/abstract,,
SN2006E,Ia,,,,,
SN2005mz,Ia-91bg,,,,,
SN2005ke,Ia-91bg,53685.77,Brown_etal_2012,,,
SN2005kd,IIn,2005-Nov-10,Dwarkadas_etal_2016,https://ui.adsabs.harvard.edu/abs/2016MNRAS.462.1101D/abstract,,
SN2005ip,IIn,2005 October 27.2,Katsuda_etal_2014,https://ui.adsabs.harvard.edu/abs/2014ApJ...780..184K/abstract,,
SN2005hk,Ia-02cx,53685.1-15.0,Phillips_etal_2007,,,
SN2005gj,Ia-CSM,,,,,
SN2005ek,Ic,MJD 53639.9 ,Drout_etal_2013,https://ui.adsabs.harvard.edu/abs/2013ApJ...774...58D/abstract,,
SN2005df,Ia,,,,,
SN2005da,Ic-bl,x,,,,
SN2005cs,II,JD = 2453549 ± 1,Pastorello_etal_2006,https://ui.adsabs.harvard.edu/abs/2006MNRAS.370.1752P/abstract,,
SN2005cf,Ia,,,,,
SN2005bf,Ib,"JD 2,453,459.5",Anupama_etal_2005,https://ui.adsabs.harvard.edu/abs/2005ApJ...631L.125A/abstract,,
SN2005bc,Ia,,,,,
SN2005am,Ia,,,,,
